,Entity,Code,Year,Forest area,Continent
103,Algeria,DZA,2000,1579000.0,AFR
104,Algeria,DZA,2001,1612900.0,AFR
105,Algeria,DZA,2002,1646800.0,AFR
106,Algeria,DZA,2003,1680700.0,AFR
107,Algeria,DZA,2004,1714600.0,AFR
108,Algeria,DZA,2005,1748500.0,AFR
109,Algeria,DZA,2006,1782400.0,AFR
110,Algeria,DZA,2007,1816300.0,AFR
111,Algeria,DZA,2008,1850200.0,AFR
112,Algeria,DZA,2009,1884100.0,AFR
113,Algeria,DZA,2010,1918000.0,AFR
114,Algeria,DZA,2011,1925600.0,AFR
115,Algeria,DZA,2012,1933200.0,AFR
116,Algeria,DZA,2013,1940800.0,AFR
117,Algeria,DZA,2014,1948400.0,AFR
118,Algeria,DZA,2015,1956000.0,AFR
119,Algeria,DZA,2016,1954600.0,AFR
120,Algeria,DZA,2017,1953200.0,AFR
121,Algeria,DZA,2018,1951800.0,AFR
122,Algeria,DZA,2019,1950400.0,AFR
123,Algeria,DZA,2020,1949000.0,AFR
227,Angola,AGO,2000,77708610.0,AFR
228,Angola,AGO,2001,77153549.0,AFR
229,Angola,AGO,2002,76598488.0,AFR
230,Angola,AGO,2003,76043427.0,AFR
231,Angola,AGO,2004,75488366.0,AFR
232,Angola,AGO,2005,74933305.0,AFR
233,Angola,AGO,2006,74378244.0,AFR
234,Angola,AGO,2007,73823183.0,AFR
235,Angola,AGO,2008,73268122.0,AFR
236,Angola,AGO,2009,72713061.0,AFR
237,Angola,AGO,2010,72158000.0,AFR
238,Angola,AGO,2011,71602938.0,AFR
239,Angola,AGO,2012,71047875.99999999,AFR
240,Angola,AGO,2013,70492814.0,AFR
241,Angola,AGO,2014,69937752.00000001,AFR
242,Angola,AGO,2015,69382690.0,AFR
243,Angola,AGO,2016,68827628.0,AFR
244,Angola,AGO,2017,68272565.99999999,AFR
245,Angola,AGO,2018,67717504.0,AFR
246,Angola,AGO,2019,67162442.0,AFR
247,Angola,AGO,2020,66607380.00000001,AFR
738,Benin,BEN,2000,4135150.0,AFR
739,Benin,BEN,2001,4085150.0,AFR
740,Benin,BEN,2002,4035150.0,AFR
741,Benin,BEN,2003,3985150.0,AFR
742,Benin,BEN,2004,3935150.0,AFR
743,Benin,BEN,2005,3885150.0,AFR
744,Benin,BEN,2006,3835150.0,AFR
745,Benin,BEN,2007,3785150.0,AFR
746,Benin,BEN,2008,3735150.0,AFR
747,Benin,BEN,2009,3685150.0,AFR
748,Benin,BEN,2010,3635150.0,AFR
749,Benin,BEN,2011,3585150.0,AFR
750,Benin,BEN,2012,3535150.0,AFR
751,Benin,BEN,2013,3485150.0,AFR
752,Benin,BEN,2014,3435150.0,AFR
753,Benin,BEN,2015,3385150.0,AFR
754,Benin,BEN,2016,3335150.0,AFR
755,Benin,BEN,2017,3285150.0,AFR
756,Benin,BEN,2018,3235150.0,AFR
757,Benin,BEN,2019,3185150.0,AFR
758,Benin,BEN,2020,3135150.0,AFR
901,Botswana,BWA,2000,17620700.0,AFR
902,Botswana,BWA,2001,17502400.0,AFR
903,Botswana,BWA,2002,17384100.0,AFR
904,Botswana,BWA,2003,17265800.0,AFR
905,Botswana,BWA,2004,17147500.0,AFR
906,Botswana,BWA,2005,17029200.0,AFR
907,Botswana,BWA,2006,16910900.0,AFR
908,Botswana,BWA,2007,16792600.0,AFR
909,Botswana,BWA,2008,16674300.0,AFR
910,Botswana,BWA,2009,16556000.0,AFR
911,Botswana,BWA,2010,16437700.0,AFR
912,Botswana,BWA,2011,16319400.0,AFR
913,Botswana,BWA,2012,16201100.0,AFR
914,Botswana,BWA,2013,16082800.0,AFR
915,Botswana,BWA,2014,15964500.0,AFR
916,Botswana,BWA,2015,15846200.0,AFR
917,Botswana,BWA,2016,15727900.0,AFR
918,Botswana,BWA,2017,15609600.0,AFR
919,Botswana,BWA,2018,15491300.0,AFR
920,Botswana,BWA,2019,15373000.0,AFR
921,Botswana,BWA,2020,15254700.0,AFR
1056,Burkina Faso,BFA,2000,7216500.0,AFR
1057,Burkina Faso,BFA,2001,7166500.0,AFR
1058,Burkina Faso,BFA,2002,7116500.0,AFR
1059,Burkina Faso,BFA,2003,7066500.0,AFR
1060,Burkina Faso,BFA,2004,7016500.0,AFR
1061,Burkina Faso,BFA,2005,6966500.0,AFR
1062,Burkina Faso,BFA,2006,6916500.0,AFR
1063,Burkina Faso,BFA,2007,6866500.0,AFR
1064,Burkina Faso,BFA,2008,6816500.0,AFR
1065,Burkina Faso,BFA,2009,6766500.0,AFR
1066,Burkina Faso,BFA,2010,6716500.0,AFR
1067,Burkina Faso,BFA,2011,6666480.0,AFR
1068,Burkina Faso,BFA,2012,6616460.0,AFR
1069,Burkina Faso,BFA,2013,6566440.0,AFR
1070,Burkina Faso,BFA,2014,6516420.0,AFR
1071,Burkina Faso,BFA,2015,6466400.0,AFR
1072,Burkina Faso,BFA,2016,6416400.0,AFR
1073,Burkina Faso,BFA,2017,6366400.0,AFR
1074,Burkina Faso,BFA,2018,6316400.0,AFR
1075,Burkina Faso,BFA,2019,6266400.0,AFR
1076,Burkina Faso,BFA,2020,6216400.0,AFR
1087,Burundi,BDI,2000,193940.0,AFR
1088,Burundi,BDI,2001,193940.0,AFR
1089,Burundi,BDI,2002,193940.0,AFR
1090,Burundi,BDI,2003,193940.0,AFR
1091,Burundi,BDI,2004,193940.0,AFR
1092,Burundi,BDI,2005,193940.0,AFR
1093,Burundi,BDI,2006,193940.0,AFR
1094,Burundi,BDI,2007,193940.0,AFR
1095,Burundi,BDI,2008,193940.0,AFR
1096,Burundi,BDI,2009,193940.0,AFR
1097,Burundi,BDI,2010,193940.0,AFR
1098,Burundi,BDI,2011,211080.0,AFR
1099,Burundi,BDI,2012,228220.0,AFR
1100,Burundi,BDI,2013,245360.0,AFR
1101,Burundi,BDI,2014,262500.0,AFR
1102,Burundi,BDI,2015,279640.0,AFR
1103,Burundi,BDI,2016,279640.0,AFR
1104,Burundi,BDI,2017,279640.0,AFR
1105,Burundi,BDI,2018,279640.0,AFR
1106,Burundi,BDI,2019,279640.0,AFR
1107,Burundi,BDI,2020,279640.0,AFR
1149,Cameroon,CMR,2000,21597490.0,AFR
1150,Cameroon,CMR,2001,21527789.0,AFR
1151,Cameroon,CMR,2002,21458088.0,AFR
1152,Cameroon,CMR,2003,21388387.000000004,AFR
1153,Cameroon,CMR,2004,21318686.0,AFR
1154,Cameroon,CMR,2005,21248985.0,AFR
1155,Cameroon,CMR,2006,21179284.0,AFR
1156,Cameroon,CMR,2007,21109583.0,AFR
1157,Cameroon,CMR,2008,21039882.0,AFR
1158,Cameroon,CMR,2009,20970181.0,AFR
1159,Cameroon,CMR,2010,20900480.0,AFR
1160,Cameroon,CMR,2011,20844480.0,AFR
1161,Cameroon,CMR,2012,20788480.0,AFR
1162,Cameroon,CMR,2013,20732480.0,AFR
1163,Cameroon,CMR,2014,20676480.0,AFR
1164,Cameroon,CMR,2015,20620480.0,AFR
1165,Cameroon,CMR,2016,20564480.0,AFR
1166,Cameroon,CMR,2017,20508480.0,AFR
1167,Cameroon,CMR,2018,20452480.0,AFR
1168,Cameroon,CMR,2019,20396480.0,AFR
1169,Cameroon,CMR,2020,20340480.0,AFR
1395,Chad,TCD,2000,6353000.0,AFR
1396,Chad,TCD,2001,6270700.0,AFR
1397,Chad,TCD,2002,6188400.0,AFR
1398,Chad,TCD,2003,6106100.0,AFR
1399,Chad,TCD,2004,6023800.0,AFR
1400,Chad,TCD,2005,5941500.0,AFR
1401,Chad,TCD,2006,5859200.0,AFR
1402,Chad,TCD,2007,5776900.0,AFR
1403,Chad,TCD,2008,5694600.0,AFR
1404,Chad,TCD,2009,5612300.0,AFR
1405,Chad,TCD,2010,5530000.0,AFR
1406,Chad,TCD,2011,5402000.0,AFR
1407,Chad,TCD,2012,5274000.0,AFR
1408,Chad,TCD,2013,5146000.0,AFR
1409,Chad,TCD,2014,5018000.0,AFR
1410,Chad,TCD,2015,4890000.0,AFR
1411,Chad,TCD,2016,4774600.0,AFR
1412,Chad,TCD,2017,4659200.0,AFR
1413,Chad,TCD,2018,4543800.0,AFR
1414,Chad,TCD,2019,4428400.0,AFR
1415,Chad,TCD,2020,4313000.0,AFR
1519,Comoros,COM,2000,41680.0,AFR
1520,Comoros,COM,2001,41242.0,AFR
1521,Comoros,COM,2002,40804.0,AFR
1522,Comoros,COM,2003,40366.0,AFR
1523,Comoros,COM,2004,39928.00000000001,AFR
1524,Comoros,COM,2005,39490.0,AFR
1525,Comoros,COM,2006,39052.0,AFR
1526,Comoros,COM,2007,38614.00000000001,AFR
1527,Comoros,COM,2008,38176.0,AFR
1528,Comoros,COM,2009,37738.0,AFR
1529,Comoros,COM,2010,37300.0,AFR
1530,Comoros,COM,2011,36861.99999999999,AFR
1531,Comoros,COM,2012,36424.0,AFR
1532,Comoros,COM,2013,35986.0,AFR
1533,Comoros,COM,2014,35548.0,AFR
1534,Comoros,COM,2015,35110.0,AFR
1535,Comoros,COM,2016,34672.0,AFR
1536,Comoros,COM,2017,34234.0,AFR
1537,Comoros,COM,2018,33796.0,AFR
1538,Comoros,COM,2019,33358.00000000001,AFR
1539,Comoros,COM,2020,32920.0,AFR
1824,Djibouti,DJI,2000,5600.0,AFR
1825,Djibouti,DJI,2001,5600.0,AFR
1826,Djibouti,DJI,2002,5600.0,AFR
1827,Djibouti,DJI,2003,5600.0,AFR
1828,Djibouti,DJI,2004,5600.0,AFR
1829,Djibouti,DJI,2005,5600.0,AFR
1830,Djibouti,DJI,2006,5600.0,AFR
1831,Djibouti,DJI,2007,5600.0,AFR
1832,Djibouti,DJI,2008,5600.0,AFR
1833,Djibouti,DJI,2009,5600.0,AFR
1834,Djibouti,DJI,2010,5600.0,AFR
1835,Djibouti,DJI,2011,5600.0,AFR
1836,Djibouti,DJI,2012,5600.0,AFR
1837,Djibouti,DJI,2013,5600.0,AFR
1838,Djibouti,DJI,2014,5600.0,AFR
1839,Djibouti,DJI,2015,5600.0,AFR
1840,Djibouti,DJI,2016,5640.0,AFR
1841,Djibouti,DJI,2017,5680.0,AFR
1842,Djibouti,DJI,2018,5720.0,AFR
1843,Djibouti,DJI,2019,5760.0,AFR
1844,Djibouti,DJI,2020,5800.0,AFR
2134,Egypt,EGY,2000,59210.0,AFR
2135,Egypt,EGY,2001,59853.0,AFR
2136,Egypt,EGY,2002,60496.0,AFR
2137,Egypt,EGY,2003,61138.99999999999,AFR
2138,Egypt,EGY,2004,61782.0,AFR
2139,Egypt,EGY,2005,62425.0,AFR
2140,Egypt,EGY,2006,63068.00000000001,AFR
2141,Egypt,EGY,2007,63711.00000000001,AFR
2142,Egypt,EGY,2008,64354.0,AFR
2143,Egypt,EGY,2009,64997.0,AFR
2144,Egypt,EGY,2010,65640.0,AFR
2145,Egypt,EGY,2011,62196.00000000001,AFR
2146,Egypt,EGY,2012,58751.99999999999,AFR
2147,Egypt,EGY,2013,55308.0,AFR
2148,Egypt,EGY,2014,51864.0,AFR
2149,Egypt,EGY,2015,48420.0,AFR
2150,Egypt,EGY,2016,47732.0,AFR
2151,Egypt,EGY,2017,47044.0,AFR
2152,Egypt,EGY,2018,46356.0,AFR
2153,Egypt,EGY,2019,45668.0,AFR
2154,Egypt,EGY,2020,44980.0,AFR
2196,Equatorial Guinea,GNQ,2000,2615580.0,AFR
2197,Equatorial Guinea,GNQ,2001,2607223.0,AFR
2198,Equatorial Guinea,GNQ,2002,2598866.0,AFR
2199,Equatorial Guinea,GNQ,2003,2590509.0,AFR
2200,Equatorial Guinea,GNQ,2004,2582152.0,AFR
2201,Equatorial Guinea,GNQ,2005,2573795.0,AFR
2202,Equatorial Guinea,GNQ,2006,2565438.0,AFR
2203,Equatorial Guinea,GNQ,2007,2557081.0,AFR
2204,Equatorial Guinea,GNQ,2008,2548724.0,AFR
2205,Equatorial Guinea,GNQ,2009,2540367.0,AFR
2206,Equatorial Guinea,GNQ,2010,2532010.0,AFR
2207,Equatorial Guinea,GNQ,2011,2523652.0,AFR
2208,Equatorial Guinea,GNQ,2012,2515294.0,AFR
2209,Equatorial Guinea,GNQ,2013,2506936.0,AFR
2210,Equatorial Guinea,GNQ,2014,2498578.0,AFR
2211,Equatorial Guinea,GNQ,2015,2490220.0,AFR
2212,Equatorial Guinea,GNQ,2016,2481860.0,AFR
2213,Equatorial Guinea,GNQ,2017,2473500.0,AFR
2214,Equatorial Guinea,GNQ,2018,2465140.0,AFR
2215,Equatorial Guinea,GNQ,2019,2456780.0,AFR
2216,Equatorial Guinea,GNQ,2020,2448420.0,AFR
2224,Eritrea,ERI,2000,1118460.0,AFR
2225,Eritrea,ERI,2001,1115300.0,AFR
2226,Eritrea,ERI,2002,1112140.0,AFR
2227,Eritrea,ERI,2003,1108980.0,AFR
2228,Eritrea,ERI,2004,1105820.0,AFR
2229,Eritrea,ERI,2005,1102660.0,AFR
2230,Eritrea,ERI,2006,1099500.0,AFR
2231,Eritrea,ERI,2007,1096340.0,AFR
2232,Eritrea,ERI,2008,1093180.0,AFR
2233,Eritrea,ERI,2009,1090020.0,AFR
2234,Eritrea,ERI,2010,1086860.0,AFR
2235,Eritrea,ERI,2011,1083700.0,AFR
2236,Eritrea,ERI,2012,1080540.0,AFR
2237,Eritrea,ERI,2013,1077380.0,AFR
2238,Eritrea,ERI,2014,1074220.0,AFR
2239,Eritrea,ERI,2015,1071060.0,AFR
2240,Eritrea,ERI,2016,1067900.0,AFR
2241,Eritrea,ERI,2017,1064740.0,AFR
2242,Eritrea,ERI,2018,1061580.0,AFR
2243,Eritrea,ERI,2019,1058420.0,AFR
2244,Eritrea,ERI,2020,1055260.0,AFR
2284,Eswatini,SWZ,2000,473280.0,AFR
2285,Eswatini,SWZ,2001,474495.0,AFR
2286,Eswatini,SWZ,2002,475710.0,AFR
2287,Eswatini,SWZ,2003,476925.0,AFR
2288,Eswatini,SWZ,2004,478140.0,AFR
2289,Eswatini,SWZ,2005,479355.0,AFR
2290,Eswatini,SWZ,2006,480570.0,AFR
2291,Eswatini,SWZ,2007,481785.0,AFR
2292,Eswatini,SWZ,2008,483000.0,AFR
2293,Eswatini,SWZ,2009,484215.0,AFR
2294,Eswatini,SWZ,2010,485430.0,AFR
2295,Eswatini,SWZ,2011,486644.0,AFR
2296,Eswatini,SWZ,2012,487858.0,AFR
2297,Eswatini,SWZ,2013,489072.0,AFR
2298,Eswatini,SWZ,2014,490286.0,AFR
2299,Eswatini,SWZ,2015,491500.0,AFR
2300,Eswatini,SWZ,2016,492712.0,AFR
2301,Eswatini,SWZ,2017,493924.00000000006,AFR
2302,Eswatini,SWZ,2018,495136.0,AFR
2303,Eswatini,SWZ,2019,496348.0,AFR
2304,Eswatini,SWZ,2020,497560.0,AFR
2312,Ethiopia,ETH,2000,18528500.0,AFR
2313,Ethiopia,ETH,2001,18455500.0,AFR
2314,Ethiopia,ETH,2002,18382500.0,AFR
2315,Ethiopia,ETH,2003,18309500.0,AFR
2316,Ethiopia,ETH,2004,18236500.0,AFR
2317,Ethiopia,ETH,2005,18163500.0,AFR
2318,Ethiopia,ETH,2006,18090500.0,AFR
2319,Ethiopia,ETH,2007,18017500.0,AFR
2320,Ethiopia,ETH,2008,17944500.0,AFR
2321,Ethiopia,ETH,2009,17871500.0,AFR
2322,Ethiopia,ETH,2010,17798500.0,AFR
2323,Ethiopia,ETH,2011,17725500.0,AFR
2324,Ethiopia,ETH,2012,17652500.0,AFR
2325,Ethiopia,ETH,2013,17579500.0,AFR
2326,Ethiopia,ETH,2014,17506500.0,AFR
2327,Ethiopia,ETH,2015,17433500.0,AFR
2328,Ethiopia,ETH,2016,17360500.0,AFR
2329,Ethiopia,ETH,2017,17287500.0,AFR
2330,Ethiopia,ETH,2018,17214500.0,AFR
2331,Ethiopia,ETH,2019,17141500.0,AFR
2332,Ethiopia,ETH,2020,17068500.0,AFR
2591,Gabon,GAB,2000,23700000.0,AFR
2592,Gabon,GAB,2001,23694941.000000004,AFR
2593,Gabon,GAB,2002,23689882.0,AFR
2594,Gabon,GAB,2003,23684823.0,AFR
2595,Gabon,GAB,2004,23679764.0,AFR
2596,Gabon,GAB,2005,23674705.0,AFR
2597,Gabon,GAB,2006,23669646.0,AFR
2598,Gabon,GAB,2007,23664587.000000004,AFR
2599,Gabon,GAB,2008,23659528.0,AFR
2600,Gabon,GAB,2009,23654469.0,AFR
2601,Gabon,GAB,2010,23649410.0,AFR
2602,Gabon,GAB,2011,23637528.0,AFR
2603,Gabon,GAB,2012,23625646.0,AFR
2604,Gabon,GAB,2013,23613764.0,AFR
2605,Gabon,GAB,2014,23601882.0,AFR
2606,Gabon,GAB,2015,23590000.0,AFR
2607,Gabon,GAB,2016,23578120.0,AFR
2608,Gabon,GAB,2017,23566240.0,AFR
2609,Gabon,GAB,2018,23554360.0,AFR
2610,Gabon,GAB,2019,23542480.0,AFR
2611,Gabon,GAB,2020,23530600.0,AFR
2622,Gambia,GMB,2000,357330.0,AFR
2623,Gambia,GMB,2001,351597.0,AFR
2624,Gambia,GMB,2002,345864.00000000006,AFR
2625,Gambia,GMB,2003,340131.0,AFR
2626,Gambia,GMB,2004,334398.0,AFR
2627,Gambia,GMB,2005,328665.0,AFR
2628,Gambia,GMB,2006,322932.0,AFR
2629,Gambia,GMB,2007,317199.0,AFR
2630,Gambia,GMB,2008,311466.0,AFR
2631,Gambia,GMB,2009,305733.0,AFR
2632,Gambia,GMB,2010,300000.0,AFR
2633,Gambia,GMB,2011,294268.0,AFR
2634,Gambia,GMB,2012,288536.0,AFR
2635,Gambia,GMB,2013,282804.00000000006,AFR
2636,Gambia,GMB,2014,277072.0,AFR
2637,Gambia,GMB,2015,271340.0,AFR
2638,Gambia,GMB,2016,265606.0,AFR
2639,Gambia,GMB,2017,259872.0,AFR
2640,Gambia,GMB,2018,254138.0,AFR
2641,Gambia,GMB,2019,248404.00000000003,AFR
2642,Gambia,GMB,2020,242670.0,AFR
2713,Ghana,GHA,2000,8848610.0,AFR
2714,Ghana,GHA,2001,8758042.0,AFR
2715,Ghana,GHA,2002,8667474.0,AFR
2716,Ghana,GHA,2003,8576905.999999998,AFR
2717,Ghana,GHA,2004,8486338.0,AFR
2718,Ghana,GHA,2005,8395770.0,AFR
2719,Ghana,GHA,2006,8305201.999999999,AFR
2720,Ghana,GHA,2007,8214634.0,AFR
2721,Ghana,GHA,2008,8124066.0,AFR
2722,Ghana,GHA,2009,8033498.000000001,AFR
2723,Ghana,GHA,2010,7942930.0,AFR
2724,Ghana,GHA,2011,7930432.0,AFR
2725,Ghana,GHA,2012,7917934.0,AFR
2726,Ghana,GHA,2013,7905436.0,AFR
2727,Ghana,GHA,2014,7892938.0,AFR
2728,Ghana,GHA,2015,7880440.0,AFR
2729,Ghana,GHA,2016,7901494.000000001,AFR
2730,Ghana,GHA,2017,7922548.000000001,AFR
2731,Ghana,GHA,2018,7943602.0,AFR
2732,Ghana,GHA,2019,7964656.0,AFR
2733,Ghana,GHA,2020,7985710.0,AFR
2961,Guinea,GIN,2000,6929000.0,AFR
2962,Guinea,GIN,2001,6893000.0,AFR
2963,Guinea,GIN,2002,6857000.0,AFR
2964,Guinea,GIN,2003,6821000.0,AFR
2965,Guinea,GIN,2004,6785000.0,AFR
2966,Guinea,GIN,2005,6749000.0,AFR
2967,Guinea,GIN,2006,6713000.0,AFR
2968,Guinea,GIN,2007,6677000.0,AFR
2969,Guinea,GIN,2008,6641000.0,AFR
2970,Guinea,GIN,2009,6605000.0,AFR
2971,Guinea,GIN,2010,6569000.0,AFR
2972,Guinea,GIN,2011,6533000.0,AFR
2973,Guinea,GIN,2012,6497000.0,AFR
2974,Guinea,GIN,2013,6461000.0,AFR
2975,Guinea,GIN,2014,6425000.0,AFR
2976,Guinea,GIN,2015,6389000.0,AFR
2977,Guinea,GIN,2016,6349000.0,AFR
2978,Guinea,GIN,2017,6309000.0,AFR
2979,Guinea,GIN,2018,6269000.0,AFR
2980,Guinea,GIN,2019,6229000.0,AFR
2981,Guinea,GIN,2020,6189000.0,AFR
2992,Guinea-Bissau,GNB,2000,2148880.0,AFR
2993,Guinea-Bissau,GNB,2001,2140435.0,AFR
2994,Guinea-Bissau,GNB,2002,2131990.0,AFR
2995,Guinea-Bissau,GNB,2003,2123545.0,AFR
2996,Guinea-Bissau,GNB,2004,2115100.0,AFR
2997,Guinea-Bissau,GNB,2005,2106655.0,AFR
2998,Guinea-Bissau,GNB,2006,2098210.0,AFR
2999,Guinea-Bissau,GNB,2007,2089765.0,AFR
3000,Guinea-Bissau,GNB,2008,2081320.0,AFR
3001,Guinea-Bissau,GNB,2009,2072875.0,AFR
3002,Guinea-Bissau,GNB,2010,2064430.0,AFR
3003,Guinea-Bissau,GNB,2011,2055986.0,AFR
3004,Guinea-Bissau,GNB,2012,2047542.0,AFR
3005,Guinea-Bissau,GNB,2013,2039098.0,AFR
3006,Guinea-Bissau,GNB,2014,2030654.0,AFR
3007,Guinea-Bissau,GNB,2015,2022210.0,AFR
3008,Guinea-Bissau,GNB,2016,2013770.0,AFR
3009,Guinea-Bissau,GNB,2017,2005330.0,AFR
3010,Guinea-Bissau,GNB,2018,1996890.0,AFR
3011,Guinea-Bissau,GNB,2019,1988450.0,AFR
3012,Guinea-Bissau,GNB,2020,1980010.0,AFR
3548,Kenya,KEN,2000,3961190.0,AFR
3549,Kenya,KEN,2001,3926705.0,AFR
3550,Kenya,KEN,2002,3892220.0,AFR
3551,Kenya,KEN,2003,3857735.0,AFR
3552,Kenya,KEN,2004,3823250.0,AFR
3553,Kenya,KEN,2005,3788765.0,AFR
3554,Kenya,KEN,2006,3754280.0,AFR
3555,Kenya,KEN,2007,3719795.0,AFR
3556,Kenya,KEN,2008,3685310.0,AFR
3557,Kenya,KEN,2009,3650825.0,AFR
3558,Kenya,KEN,2010,3616340.0,AFR
3559,Kenya,KEN,2011,3597554.0,AFR
3560,Kenya,KEN,2012,3578768.0,AFR
3561,Kenya,KEN,2013,3559982.0,AFR
3562,Kenya,KEN,2014,3541196.0,AFR
3563,Kenya,KEN,2015,3522410.0,AFR
3564,Kenya,KEN,2016,3540145.9999999995,AFR
3565,Kenya,KEN,2017,3557882.0,AFR
3566,Kenya,KEN,2018,3575618.0,AFR
3567,Kenya,KEN,2019,3593354.0000000005,AFR
3568,Kenya,KEN,2020,3611090.0,AFR
3823,Lesotho,LSO,2000,34520.0,AFR
3824,Lesotho,LSO,2001,34520.0,AFR
3825,Lesotho,LSO,2002,34520.0,AFR
3826,Lesotho,LSO,2003,34520.0,AFR
3827,Lesotho,LSO,2004,34520.0,AFR
3828,Lesotho,LSO,2005,34520.0,AFR
3829,Lesotho,LSO,2006,34520.0,AFR
3830,Lesotho,LSO,2007,34520.0,AFR
3831,Lesotho,LSO,2008,34520.0,AFR
3832,Lesotho,LSO,2009,34520.0,AFR
3833,Lesotho,LSO,2010,34520.0,AFR
3834,Lesotho,LSO,2011,34520.0,AFR
3835,Lesotho,LSO,2012,34520.0,AFR
3836,Lesotho,LSO,2013,34520.0,AFR
3837,Lesotho,LSO,2014,34520.0,AFR
3838,Lesotho,LSO,2015,34520.0,AFR
3839,Lesotho,LSO,2016,34520.0,AFR
3840,Lesotho,LSO,2017,34520.0,AFR
3841,Lesotho,LSO,2018,34520.0,AFR
3842,Lesotho,LSO,2019,34520.0,AFR
3843,Lesotho,LSO,2020,34520.0,AFR
3854,Liberia,LBR,2000,8222639.999999999,AFR
3855,Liberia,LBR,2001,8192379.999999999,AFR
3856,Liberia,LBR,2002,8162120.0,AFR
3857,Liberia,LBR,2003,8131860.0,AFR
3858,Liberia,LBR,2004,8101600.0,AFR
3859,Liberia,LBR,2005,8071340.0,AFR
3860,Liberia,LBR,2006,8041080.0,AFR
3861,Liberia,LBR,2007,8010820.0,AFR
3862,Liberia,LBR,2008,7980560.0,AFR
3863,Liberia,LBR,2009,7950300.0,AFR
3864,Liberia,LBR,2010,7920040.0,AFR
3865,Liberia,LBR,2011,7889780.0,AFR
3866,Liberia,LBR,2012,7859520.0,AFR
3867,Liberia,LBR,2013,7829260.0,AFR
3868,Liberia,LBR,2014,7799000.0,AFR
3869,Liberia,LBR,2015,7768740.0,AFR
3870,Liberia,LBR,2016,7738480.0,AFR
3871,Liberia,LBR,2017,7708220.0,AFR
3872,Liberia,LBR,2018,7677960.0,AFR
3873,Liberia,LBR,2019,7647700.0,AFR
3874,Liberia,LBR,2020,7617440.0,AFR
3885,Libya,LBY,2000,217000.0,AFR
3886,Libya,LBY,2001,217000.0,AFR
3887,Libya,LBY,2002,217000.0,AFR
3888,Libya,LBY,2003,217000.0,AFR
3889,Libya,LBY,2004,217000.0,AFR
3890,Libya,LBY,2005,217000.0,AFR
3891,Libya,LBY,2006,217000.0,AFR
3892,Libya,LBY,2007,217000.0,AFR
3893,Libya,LBY,2008,217000.0,AFR
3894,Libya,LBY,2009,217000.0,AFR
3895,Libya,LBY,2010,217000.0,AFR
3896,Libya,LBY,2011,217000.0,AFR
3897,Libya,LBY,2012,217000.0,AFR
3898,Libya,LBY,2013,217000.0,AFR
3899,Libya,LBY,2014,217000.0,AFR
3900,Libya,LBY,2015,217000.0,AFR
3901,Libya,LBY,2016,217000.0,AFR
3902,Libya,LBY,2017,217000.0,AFR
3903,Libya,LBY,2018,217000.0,AFR
3904,Libya,LBY,2019,217000.0,AFR
3905,Libya,LBY,2020,217000.0,AFR
4028,Madagascar,MDG,2000,13030670.0,AFR
4029,Madagascar,MDG,2001,12983801.000000002,AFR
4030,Madagascar,MDG,2002,12936931.999999998,AFR
4031,Madagascar,MDG,2003,12890063.0,AFR
4032,Madagascar,MDG,2004,12843194.0,AFR
4033,Madagascar,MDG,2005,12796325.0,AFR
4034,Madagascar,MDG,2006,12749456.0,AFR
4035,Madagascar,MDG,2007,12702587.0,AFR
4036,Madagascar,MDG,2008,12655718.0,AFR
4037,Madagascar,MDG,2009,12608848.999999998,AFR
4038,Madagascar,MDG,2010,12561980.0,AFR
4039,Madagascar,MDG,2011,12548761.999999998,AFR
4040,Madagascar,MDG,2012,12535544.0,AFR
4041,Madagascar,MDG,2013,12522326.0,AFR
4042,Madagascar,MDG,2014,12509108.0,AFR
4043,Madagascar,MDG,2015,12495890.0,AFR
4044,Madagascar,MDG,2016,12482674.0,AFR
4045,Madagascar,MDG,2017,12469458.0,AFR
4046,Madagascar,MDG,2018,12456242.0,AFR
4047,Madagascar,MDG,2019,12443026.000000002,AFR
4048,Madagascar,MDG,2020,12429810.0,AFR
4059,Malawi,MWI,2000,3081700.0,AFR
4060,Malawi,MWI,2001,3039700.0,AFR
4061,Malawi,MWI,2002,2997700.0,AFR
4062,Malawi,MWI,2003,2955700.0,AFR
4063,Malawi,MWI,2004,2913700.0,AFR
4064,Malawi,MWI,2005,2871700.0,AFR
4065,Malawi,MWI,2006,2829700.0,AFR
4066,Malawi,MWI,2007,2787700.0,AFR
4067,Malawi,MWI,2008,2745700.0,AFR
4068,Malawi,MWI,2009,2703700.0,AFR
4069,Malawi,MWI,2010,2661700.0,AFR
4070,Malawi,MWI,2011,2619700.0,AFR
4071,Malawi,MWI,2012,2577700.0,AFR
4072,Malawi,MWI,2013,2535700.0,AFR
4073,Malawi,MWI,2014,2493700.0,AFR
4074,Malawi,MWI,2015,2451700.0,AFR
4075,Malawi,MWI,2016,2409700.0,AFR
4076,Malawi,MWI,2017,2367700.0,AFR
4077,Malawi,MWI,2018,2325700.0,AFR
4078,Malawi,MWI,2019,2283700.0,AFR
4079,Malawi,MWI,2020,2241700.0,AFR
4152,Mali,MLI,2000,13296000.0,AFR
4153,Mali,MLI,2001,13296000.0,AFR
4154,Mali,MLI,2002,13296000.0,AFR
4155,Mali,MLI,2003,13296000.0,AFR
4156,Mali,MLI,2004,13296000.0,AFR
4157,Mali,MLI,2005,13296000.0,AFR
4158,Mali,MLI,2006,13296000.0,AFR
4159,Mali,MLI,2007,13296000.0,AFR
4160,Mali,MLI,2008,13296000.0,AFR
4161,Mali,MLI,2009,13296000.0,AFR
4162,Mali,MLI,2010,13296000.0,AFR
4163,Mali,MLI,2011,13296000.0,AFR
4164,Mali,MLI,2012,13296000.0,AFR
4165,Mali,MLI,2013,13296000.0,AFR
4166,Mali,MLI,2014,13296000.0,AFR
4167,Mali,MLI,2015,13296000.0,AFR
4168,Mali,MLI,2016,13296000.0,AFR
4169,Mali,MLI,2017,13296000.0,AFR
4170,Mali,MLI,2018,13296000.0,AFR
4171,Mali,MLI,2019,13296000.0,AFR
4172,Mali,MLI,2020,13296000.0,AFR
4275,Mauritania,MRT,2000,421640.0,AFR
4276,Mauritania,MRT,2001,416200.0,AFR
4277,Mauritania,MRT,2002,410760.0,AFR
4278,Mauritania,MRT,2003,405320.0,AFR
4279,Mauritania,MRT,2004,399880.0,AFR
4280,Mauritania,MRT,2005,394440.0,AFR
4281,Mauritania,MRT,2006,389000.0,AFR
4282,Mauritania,MRT,2007,383560.0,AFR
4283,Mauritania,MRT,2008,378120.0,AFR
4284,Mauritania,MRT,2009,372680.0,AFR
4285,Mauritania,MRT,2010,367240.0,AFR
4286,Mauritania,MRT,2011,361800.0,AFR
4287,Mauritania,MRT,2012,356360.0,AFR
4288,Mauritania,MRT,2013,350920.0,AFR
4289,Mauritania,MRT,2014,345480.0,AFR
4290,Mauritania,MRT,2015,340040.0,AFR
4291,Mauritania,MRT,2016,334592.0,AFR
4292,Mauritania,MRT,2017,329144.0,AFR
4293,Mauritania,MRT,2018,323695.99999999994,AFR
4294,Mauritania,MRT,2019,318248.0,AFR
4295,Mauritania,MRT,2020,312800.0,AFR
4306,Mauritius,MUS,2000,41930.0,AFR
4307,Mauritius,MUS,2001,41576.0,AFR
4308,Mauritius,MUS,2002,41222.0,AFR
4309,Mauritius,MUS,2003,40868.0,AFR
4310,Mauritius,MUS,2004,40514.0,AFR
4311,Mauritius,MUS,2005,40160.0,AFR
4312,Mauritius,MUS,2006,39806.0,AFR
4313,Mauritius,MUS,2007,39452.0,AFR
4314,Mauritius,MUS,2008,39098.0,AFR
4315,Mauritius,MUS,2009,38744.0,AFR
4316,Mauritius,MUS,2010,38390.0,AFR
4317,Mauritius,MUS,2011,38372.0,AFR
4318,Mauritius,MUS,2012,38354.0,AFR
4319,Mauritius,MUS,2013,38336.0,AFR
4320,Mauritius,MUS,2014,38318.00000000001,AFR
4321,Mauritius,MUS,2015,38300.0,AFR
4322,Mauritius,MUS,2016,38394.0,AFR
4323,Mauritius,MUS,2017,38488.0,AFR
4324,Mauritius,MUS,2018,38582.0,AFR
4325,Mauritius,MUS,2019,38676.0,AFR
4326,Mauritius,MUS,2020,38770.0,AFR
4598,Morocco,MAR,2000,5506540.0,AFR
4599,Morocco,MAR,2001,5523343.000000001,AFR
4600,Morocco,MAR,2002,5540146.0,AFR
4601,Morocco,MAR,2003,5556949.000000001,AFR
4602,Morocco,MAR,2004,5573751.999999999,AFR
4603,Morocco,MAR,2005,5590555.0,AFR
4604,Morocco,MAR,2006,5607358.0,AFR
4605,Morocco,MAR,2007,5624161.0,AFR
4606,Morocco,MAR,2008,5640964.0,AFR
4607,Morocco,MAR,2009,5657767.0,AFR
4608,Morocco,MAR,2010,5674570.0,AFR
4609,Morocco,MAR,2011,5676594.0,AFR
4610,Morocco,MAR,2012,5678618.0,AFR
4611,Morocco,MAR,2013,5680642.0,AFR
4612,Morocco,MAR,2014,5682666.0,AFR
4613,Morocco,MAR,2015,5684690.0,AFR
4614,Morocco,MAR,2016,5696250.0,AFR
4615,Morocco,MAR,2017,5707810.0,AFR
4616,Morocco,MAR,2018,5719370.0,AFR
4617,Morocco,MAR,2019,5730930.0,AFR
4618,Morocco,MAR,2020,5742490.0,AFR
4629,Mozambique,MOZ,2000,41188000.0,AFR
4630,Mozambique,MOZ,2001,40966414.0,AFR
4631,Mozambique,MOZ,2002,40744828.0,AFR
4632,Mozambique,MOZ,2003,40523242.0,AFR
4633,Mozambique,MOZ,2004,40301656.0,AFR
4634,Mozambique,MOZ,2005,40080070.0,AFR
4635,Mozambique,MOZ,2006,39858484.0,AFR
4636,Mozambique,MOZ,2007,39636898.0,AFR
4637,Mozambique,MOZ,2008,39415312.00000001,AFR
4638,Mozambique,MOZ,2009,39193726.0,AFR
4639,Mozambique,MOZ,2010,38972140.0,AFR
4640,Mozambique,MOZ,2011,38765712.0,AFR
4641,Mozambique,MOZ,2012,38559284.0,AFR
4642,Mozambique,MOZ,2013,38352856.0,AFR
4643,Mozambique,MOZ,2014,38146428.0,AFR
4644,Mozambique,MOZ,2015,37940000.0,AFR
4645,Mozambique,MOZ,2016,37700752.0,AFR
4646,Mozambique,MOZ,2017,37461504.0,AFR
4647,Mozambique,MOZ,2018,37222256.0,AFR
4648,Mozambique,MOZ,2019,36983008.0,AFR
4649,Mozambique,MOZ,2020,36743760.0,AFR
4691,Namibia,NAM,2000,8059084.0,AFR
4692,Namibia,NAM,2001,7988074.6,AFR
4693,Namibia,NAM,2002,7917065.2,AFR
4694,Namibia,NAM,2003,7846055.8,AFR
4695,Namibia,NAM,2004,7775046.4,AFR
4696,Namibia,NAM,2005,7704036.999999999,AFR
4697,Namibia,NAM,2006,7633027.600000001,AFR
4698,Namibia,NAM,2007,7562018.2,AFR
4699,Namibia,NAM,2008,7491008.8,AFR
4700,Namibia,NAM,2009,7419999.399999999,AFR
4701,Namibia,NAM,2010,7348990.0,AFR
4702,Namibia,NAM,2011,7277982.0,AFR
4703,Namibia,NAM,2012,7206974.0,AFR
4704,Namibia,NAM,2013,7135965.999999999,AFR
4705,Namibia,NAM,2014,7064958.000000001,AFR
4706,Namibia,NAM,2015,6993950.0,AFR
4707,Namibia,NAM,2016,6922940.0,AFR
4708,Namibia,NAM,2017,6851930.0,AFR
4709,Namibia,NAM,2018,6780920.0,AFR
4710,Namibia,NAM,2019,6709910.0,AFR
4711,Namibia,NAM,2020,6638900.0,AFR
4939,Niger,NER,2000,1328100.0,AFR
4940,Niger,NER,2001,1315680.0,AFR
4941,Niger,NER,2002,1303260.0,AFR
4942,Niger,NER,2003,1290840.0,AFR
4943,Niger,NER,2004,1278420.0,AFR
4944,Niger,NER,2005,1266000.0,AFR
4945,Niger,NER,2006,1253580.0,AFR
4946,Niger,NER,2007,1241160.0,AFR
4947,Niger,NER,2008,1228740.0,AFR
4948,Niger,NER,2009,1216320.0,AFR
4949,Niger,NER,2010,1203900.0,AFR
4950,Niger,NER,2011,1191480.0,AFR
4951,Niger,NER,2012,1179060.0,AFR
4952,Niger,NER,2013,1166640.0,AFR
4953,Niger,NER,2014,1154220.0,AFR
4954,Niger,NER,2015,1141800.0,AFR
4955,Niger,NER,2016,1129380.0,AFR
4956,Niger,NER,2017,1116960.0,AFR
4957,Niger,NER,2018,1104540.0,AFR
4958,Niger,NER,2019,1092120.0,AFR
4959,Niger,NER,2020,1079700.0,AFR
4970,Nigeria,NGA,2000,24893040.0,AFR
4971,Nigeria,NGA,2001,24729734.0,AFR
4972,Nigeria,NGA,2002,24566428.0,AFR
4973,Nigeria,NGA,2003,24403122.000000004,AFR
4974,Nigeria,NGA,2004,24239816.000000004,AFR
4975,Nigeria,NGA,2005,24076510.0,AFR
4976,Nigeria,NGA,2006,23913204.0,AFR
4977,Nigeria,NGA,2007,23749898.0,AFR
4978,Nigeria,NGA,2008,23586592.0,AFR
4979,Nigeria,NGA,2009,23423286.0,AFR
4980,Nigeria,NGA,2010,23259980.0,AFR
4981,Nigeria,NGA,2011,23096674.0,AFR
4982,Nigeria,NGA,2012,22933368.0,AFR
4983,Nigeria,NGA,2013,22770062.0,AFR
4984,Nigeria,NGA,2014,22606756.0,AFR
4985,Nigeria,NGA,2015,22443450.0,AFR
4986,Nigeria,NGA,2016,22280150.0,AFR
4987,Nigeria,NGA,2017,22116850.0,AFR
4988,Nigeria,NGA,2018,21953550.0,AFR
4989,Nigeria,NGA,2019,21790250.0,AFR
4990,Nigeria,NGA,2020,21626950.0,AFR
5801,Rwanda,RWA,2000,287000.0,AFR
5802,Rwanda,RWA,2001,284800.0,AFR
5803,Rwanda,RWA,2002,282600.0,AFR
5804,Rwanda,RWA,2003,280400.0,AFR
5805,Rwanda,RWA,2004,278200.0,AFR
5806,Rwanda,RWA,2005,276000.0,AFR
5807,Rwanda,RWA,2006,273800.0,AFR
5808,Rwanda,RWA,2007,271600.0,AFR
5809,Rwanda,RWA,2008,269400.0,AFR
5810,Rwanda,RWA,2009,267200.0,AFR
5811,Rwanda,RWA,2010,265000.0,AFR
5812,Rwanda,RWA,2011,266000.0,AFR
5813,Rwanda,RWA,2012,267000.0,AFR
5814,Rwanda,RWA,2013,268000.0,AFR
5815,Rwanda,RWA,2014,269000.0,AFR
5816,Rwanda,RWA,2015,270000.0,AFR
5817,Rwanda,RWA,2016,271200.0,AFR
5818,Rwanda,RWA,2017,272400.0,AFR
5819,Rwanda,RWA,2018,273600.0,AFR
5820,Rwanda,RWA,2019,274800.0,AFR
5821,Rwanda,RWA,2020,276000.0,AFR
6049,Sao Tome and Principe,STP,2000,58360.0,AFR
6050,Sao Tome and Principe,STP,2001,58333.99999999999,AFR
6051,Sao Tome and Principe,STP,2002,58308.0,AFR
6052,Sao Tome and Principe,STP,2003,58282.0,AFR
6053,Sao Tome and Principe,STP,2004,58256.0,AFR
6054,Sao Tome and Principe,STP,2005,58230.0,AFR
6055,Sao Tome and Principe,STP,2006,58203.99999999999,AFR
6056,Sao Tome and Principe,STP,2007,58178.00000000001,AFR
6057,Sao Tome and Principe,STP,2008,58152.0,AFR
6058,Sao Tome and Principe,STP,2009,58126.00000000001,AFR
6059,Sao Tome and Principe,STP,2010,58100.0,AFR
6060,Sao Tome and Principe,STP,2011,57480.0,AFR
6061,Sao Tome and Principe,STP,2012,56860.0,AFR
6062,Sao Tome and Principe,STP,2013,56240.0,AFR
6063,Sao Tome and Principe,STP,2014,55620.0,AFR
6064,Sao Tome and Principe,STP,2015,55000.0,AFR
6065,Sao Tome and Principe,STP,2016,54380.0,AFR
6066,Sao Tome and Principe,STP,2017,53760.0,AFR
6067,Sao Tome and Principe,STP,2018,53140.0,AFR
6068,Sao Tome and Principe,STP,2019,52520.0,AFR
6069,Sao Tome and Principe,STP,2020,51900.0,AFR
6111,Senegal,SEN,2000,8853160.0,AFR
6112,Senegal,SEN,2001,8814660.0,AFR
6113,Senegal,SEN,2002,8776160.0,AFR
6114,Senegal,SEN,2003,8737660.0,AFR
6115,Senegal,SEN,2004,8699160.0,AFR
6116,Senegal,SEN,2005,8660660.0,AFR
6117,Senegal,SEN,2006,8622160.0,AFR
6118,Senegal,SEN,2007,8583660.0,AFR
6119,Senegal,SEN,2008,8545160.0,AFR
6120,Senegal,SEN,2009,8506660.0,AFR
6121,Senegal,SEN,2010,8468160.0,AFR
6122,Senegal,SEN,2011,8428160.0,AFR
6123,Senegal,SEN,2012,8388160.0,AFR
6124,Senegal,SEN,2013,8348160.0,AFR
6125,Senegal,SEN,2014,8308160.0,AFR
6126,Senegal,SEN,2015,8268160.0,AFR
6127,Senegal,SEN,2016,8228160.0,AFR
6128,Senegal,SEN,2017,8188160.0,AFR
6129,Senegal,SEN,2018,8148160.0,AFR
6130,Senegal,SEN,2019,8108160.0,AFR
6131,Senegal,SEN,2020,8068160.0,AFR
6157,Seychelles,SYC,2000,33700.0,AFR
6158,Seychelles,SYC,2001,33700.0,AFR
6159,Seychelles,SYC,2002,33700.0,AFR
6160,Seychelles,SYC,2003,33700.0,AFR
6161,Seychelles,SYC,2004,33700.0,AFR
6162,Seychelles,SYC,2005,33700.0,AFR
6163,Seychelles,SYC,2006,33700.0,AFR
6164,Seychelles,SYC,2007,33700.0,AFR
6165,Seychelles,SYC,2008,33700.0,AFR
6166,Seychelles,SYC,2009,33700.0,AFR
6167,Seychelles,SYC,2010,33700.0,AFR
6168,Seychelles,SYC,2011,33700.0,AFR
6169,Seychelles,SYC,2012,33700.0,AFR
6170,Seychelles,SYC,2013,33700.0,AFR
6171,Seychelles,SYC,2014,33700.0,AFR
6172,Seychelles,SYC,2015,33700.0,AFR
6173,Seychelles,SYC,2016,33700.0,AFR
6174,Seychelles,SYC,2017,33700.0,AFR
6175,Seychelles,SYC,2018,33700.0,AFR
6176,Seychelles,SYC,2019,33700.0,AFR
6177,Seychelles,SYC,2020,33700.0,AFR
6188,Sierra Leone,SLE,2000,2929430.0,AFR
6189,Sierra Leone,SLE,2001,2909703.0,AFR
6190,Sierra Leone,SLE,2002,2889975.9999999995,AFR
6191,Sierra Leone,SLE,2003,2870249.0000000005,AFR
6192,Sierra Leone,SLE,2004,2850522.0,AFR
6193,Sierra Leone,SLE,2005,2830795.0,AFR
6194,Sierra Leone,SLE,2006,2811067.9999999995,AFR
6195,Sierra Leone,SLE,2007,2791341.0,AFR
6196,Sierra Leone,SLE,2008,2771614.0,AFR
6197,Sierra Leone,SLE,2009,2751887.0,AFR
6198,Sierra Leone,SLE,2010,2732160.0,AFR
6199,Sierra Leone,SLE,2011,2712434.0,AFR
6200,Sierra Leone,SLE,2012,2692708.0,AFR
6201,Sierra Leone,SLE,2013,2672982.0,AFR
6202,Sierra Leone,SLE,2014,2653256.0,AFR
6203,Sierra Leone,SLE,2015,2633530.0,AFR
6204,Sierra Leone,SLE,2016,2613800.0,AFR
6205,Sierra Leone,SLE,2017,2594070.0,AFR
6206,Sierra Leone,SLE,2018,2574340.0,AFR
6207,Sierra Leone,SLE,2019,2554610.0,AFR
6208,Sierra Leone,SLE,2020,2534880.0,AFR
6389,Somalia,SOM,2000,7515000.0,AFR
6390,Somalia,SOM,2001,7438250.0,AFR
6391,Somalia,SOM,2002,7361500.0,AFR
6392,Somalia,SOM,2003,7284750.0,AFR
6393,Somalia,SOM,2004,7208000.0,AFR
6394,Somalia,SOM,2005,7131250.0,AFR
6395,Somalia,SOM,2006,7054500.0,AFR
6396,Somalia,SOM,2007,6977750.0,AFR
6397,Somalia,SOM,2008,6901000.0,AFR
6398,Somalia,SOM,2009,6824250.0,AFR
6399,Somalia,SOM,2010,6747500.0,AFR
6400,Somalia,SOM,2011,6670750.0,AFR
6401,Somalia,SOM,2012,6594000.0,AFR
6402,Somalia,SOM,2013,6517250.0,AFR
6403,Somalia,SOM,2014,6440500.0,AFR
6404,Somalia,SOM,2015,6363750.0,AFR
6405,Somalia,SOM,2016,6287000.0,AFR
6406,Somalia,SOM,2017,6210250.0,AFR
6407,Somalia,SOM,2018,6133500.0,AFR
6408,Somalia,SOM,2019,6056750.0,AFR
6409,Somalia,SOM,2020,5980000.0,AFR
6420,South Africa,ZAF,2000,17778090.0,AFR
6421,South Africa,ZAF,2001,17741690.0,AFR
6422,South Africa,ZAF,2002,17705290.0,AFR
6423,South Africa,ZAF,2003,17668890.0,AFR
6424,South Africa,ZAF,2004,17632490.0,AFR
6425,South Africa,ZAF,2005,17596090.0,AFR
6426,South Africa,ZAF,2006,17559690.0,AFR
6427,South Africa,ZAF,2007,17523290.0,AFR
6428,South Africa,ZAF,2008,17486890.0,AFR
6429,South Africa,ZAF,2009,17450490.0,AFR
6430,South Africa,ZAF,2010,17414090.0,AFR
6431,South Africa,ZAF,2011,17377690.0,AFR
6432,South Africa,ZAF,2012,17341290.0,AFR
6433,South Africa,ZAF,2013,17304890.0,AFR
6434,South Africa,ZAF,2014,17268490.0,AFR
6435,South Africa,ZAF,2015,17232090.0,AFR
6436,South Africa,ZAF,2016,17195690.0,AFR
6437,South Africa,ZAF,2017,17159290.0,AFR
6438,South Africa,ZAF,2018,17122890.0,AFR
6439,South Africa,ZAF,2019,17086490.0,AFR
6440,South Africa,ZAF,2020,17050090.0,AFR
6503,South Sudan,SSD,2012,7157000.0,AFR
6504,South Sudan,SSD,2013,7157000.0,AFR
6505,South Sudan,SSD,2014,7157000.0,AFR
6506,South Sudan,SSD,2015,7157000.0,AFR
6507,South Sudan,SSD,2016,7157000.0,AFR
6508,South Sudan,SSD,2017,7157000.0,AFR
6509,South Sudan,SSD,2018,7157000.0,AFR
6510,South Sudan,SSD,2019,7157000.0,AFR
6511,South Sudan,SSD,2020,7157000.0,AFR
6698,Sudan,SDN,2012,19732674.0,AFR
6699,Sudan,SDN,2013,19558426.0,AFR
6700,Sudan,SDN,2014,19384178.0,AFR
6701,Sudan,SDN,2015,19209930.0,AFR
6702,Sudan,SDN,2016,19039854.0,AFR
6703,Sudan,SDN,2017,18869778.000000004,AFR
6704,Sudan,SDN,2018,18699702.0,AFR
6705,Sudan,SDN,2019,18529626.0,AFR
6706,Sudan,SDN,2020,18359550.0,AFR
6870,Tanzania,TZA,2000,53670010.0,AFR
6871,Tanzania,TZA,2001,53298010.0,AFR
6872,Tanzania,TZA,2002,52926010.0,AFR
6873,Tanzania,TZA,2003,52554010.0,AFR
6874,Tanzania,TZA,2004,52182010.0,AFR
6875,Tanzania,TZA,2005,51810010.0,AFR
6876,Tanzania,TZA,2006,51438010.0,AFR
6877,Tanzania,TZA,2007,51066010.0,AFR
6878,Tanzania,TZA,2008,50694010.0,AFR
6879,Tanzania,TZA,2009,50322010.0,AFR
6880,Tanzania,TZA,2010,49950010.0,AFR
6881,Tanzania,TZA,2011,49578008.0,AFR
6882,Tanzania,TZA,2012,49206005.99999999,AFR
6883,Tanzania,TZA,2013,48834004.0,AFR
6884,Tanzania,TZA,2014,48462002.0,AFR
6885,Tanzania,TZA,2015,48090000.0,AFR
6886,Tanzania,TZA,2016,47621000.0,AFR
6887,Tanzania,TZA,2017,47152000.0,AFR
6888,Tanzania,TZA,2018,46683000.0,AFR
6889,Tanzania,TZA,2019,46214000.0,AFR
6890,Tanzania,TZA,2020,45745000.0,AFR
6932,Togo,TGO,2000,1268464.0,AFR
6933,Togo,TGO,2001,1265504.6,AFR
6934,Togo,TGO,2002,1262545.2,AFR
6935,Togo,TGO,2003,1259585.8,AFR
6936,Togo,TGO,2004,1256626.4,AFR
6937,Togo,TGO,2005,1253667.0,AFR
6938,Togo,TGO,2006,1250707.6,AFR
6939,Togo,TGO,2007,1247748.2,AFR
6940,Togo,TGO,2008,1244788.8,AFR
6941,Togo,TGO,2009,1241829.4,AFR
6942,Togo,TGO,2010,1238870.0,AFR
6943,Togo,TGO,2011,1235910.0,AFR
6944,Togo,TGO,2012,1232950.0,AFR
6945,Togo,TGO,2013,1229990.0,AFR
6946,Togo,TGO,2014,1227030.0,AFR
6947,Togo,TGO,2015,1224070.0,AFR
6948,Togo,TGO,2016,1221110.0,AFR
6949,Togo,TGO,2017,1218150.0,AFR
6950,Togo,TGO,2018,1215190.0,AFR
6951,Togo,TGO,2019,1212230.0,AFR
6952,Togo,TGO,2020,1209270.0,AFR
7056,Tunisia,TUN,2000,667850.0,AFR
7057,Tunisia,TUN,2001,669808.0,AFR
7058,Tunisia,TUN,2002,671766.0000000001,AFR
7059,Tunisia,TUN,2003,673723.9999999999,AFR
7060,Tunisia,TUN,2004,675682.0,AFR
7061,Tunisia,TUN,2005,677640.0,AFR
7062,Tunisia,TUN,2006,679598.0000000001,AFR
7063,Tunisia,TUN,2007,681556.0,AFR
7064,Tunisia,TUN,2008,683513.9999999999,AFR
7065,Tunisia,TUN,2009,685472.0,AFR
7066,Tunisia,TUN,2010,687430.0,AFR
7067,Tunisia,TUN,2011,688960.0,AFR
7068,Tunisia,TUN,2012,690490.0,AFR
7069,Tunisia,TUN,2013,692020.0,AFR
7070,Tunisia,TUN,2014,693550.0,AFR
7071,Tunisia,TUN,2015,695080.0,AFR
7072,Tunisia,TUN,2016,696610.0,AFR
7073,Tunisia,TUN,2017,698140.0,AFR
7074,Tunisia,TUN,2018,699670.0,AFR
7075,Tunisia,TUN,2019,701200.0,AFR
7076,Tunisia,TUN,2020,702730.0,AFR
7209,Uganda,UGA,2000,3162950.0,AFR
7210,Uganda,UGA,2001,3121697.0,AFR
7211,Uganda,UGA,2002,3080444.0000000005,AFR
7212,Uganda,UGA,2003,3039191.0,AFR
7213,Uganda,UGA,2004,2997938.0,AFR
7214,Uganda,UGA,2005,2956685.0,AFR
7215,Uganda,UGA,2006,2915432.0000000005,AFR
7216,Uganda,UGA,2007,2874179.0,AFR
7217,Uganda,UGA,2008,2832926.0,AFR
7218,Uganda,UGA,2009,2791673.0,AFR
7219,Uganda,UGA,2010,2750420.0,AFR
7220,Uganda,UGA,2011,2709167.9999999995,AFR
7221,Uganda,UGA,2012,2667915.9999999995,AFR
7222,Uganda,UGA,2013,2626664.0,AFR
7223,Uganda,UGA,2014,2585412.0000000005,AFR
7224,Uganda,UGA,2015,2544160.0,AFR
7225,Uganda,UGA,2016,2502908.0,AFR
7226,Uganda,UGA,2017,2461656.0,AFR
7227,Uganda,UGA,2018,2420404.0,AFR
7228,Uganda,UGA,2019,2379152.0,AFR
7229,Uganda,UGA,2020,2337900.0,AFR
7701,Western Sahara,ESH,2000,669310.0,AFR
7702,Western Sahara,ESH,2001,668890.0,AFR
7703,Western Sahara,ESH,2002,668470.0,AFR
7704,Western Sahara,ESH,2003,668050.0,AFR
7705,Western Sahara,ESH,2004,667630.0,AFR
7706,Western Sahara,ESH,2005,667210.0,AFR
7707,Western Sahara,ESH,2006,666790.0,AFR
7708,Western Sahara,ESH,2007,666370.0,AFR
7709,Western Sahara,ESH,2008,665950.0,AFR
7710,Western Sahara,ESH,2009,665530.0,AFR
7711,Western Sahara,ESH,2010,665110.0,AFR
7712,Western Sahara,ESH,2011,665028.0,AFR
7713,Western Sahara,ESH,2012,664946.0,AFR
7714,Western Sahara,ESH,2013,664863.9999999999,AFR
7715,Western Sahara,ESH,2014,664781.9999999999,AFR
7716,Western Sahara,ESH,2015,664700.0,AFR
7717,Western Sahara,ESH,2016,664773.9999999999,AFR
7718,Western Sahara,ESH,2017,664848.0000000001,AFR
7719,Western Sahara,ESH,2018,664922.0,AFR
7720,Western Sahara,ESH,2019,664996.0000000001,AFR
7721,Western Sahara,ESH,2020,665070.0,AFR
7794,Zambia,ZMB,2000,47054000.0,AFR
7795,Zambia,ZMB,2001,47018200.0,AFR
7796,Zambia,ZMB,2002,46982400.0,AFR
7797,Zambia,ZMB,2003,46946600.0,AFR
7798,Zambia,ZMB,2004,46910800.0,AFR
7799,Zambia,ZMB,2005,46875000.0,AFR
7800,Zambia,ZMB,2006,46839200.0,AFR
7801,Zambia,ZMB,2007,46803400.0,AFR
7802,Zambia,ZMB,2008,46767600.0,AFR
7803,Zambia,ZMB,2009,46731800.0,AFR
7804,Zambia,ZMB,2010,46696000.0,AFR
7805,Zambia,ZMB,2011,46507820.0,AFR
7806,Zambia,ZMB,2012,46319640.0,AFR
7807,Zambia,ZMB,2013,46131460.0,AFR
7808,Zambia,ZMB,2014,45943280.0,AFR
7809,Zambia,ZMB,2015,45755100.0,AFR
7810,Zambia,ZMB,2016,45566886.0,AFR
7811,Zambia,ZMB,2017,45378672.0,AFR
7812,Zambia,ZMB,2018,45190458.0,AFR
7813,Zambia,ZMB,2019,45002244.00000001,AFR
7814,Zambia,ZMB,2020,44814030.0,AFR
7825,Zimbabwe,ZWE,2000,18365980.0,AFR
7826,Zimbabwe,ZWE,2001,18319910.0,AFR
7827,Zimbabwe,ZWE,2002,18273840.0,AFR
7828,Zimbabwe,ZWE,2003,18227770.0,AFR
7829,Zimbabwe,ZWE,2004,18181700.0,AFR
7830,Zimbabwe,ZWE,2005,18135630.0,AFR
7831,Zimbabwe,ZWE,2006,18089560.0,AFR
7832,Zimbabwe,ZWE,2007,18043490.0,AFR
7833,Zimbabwe,ZWE,2008,17997420.0,AFR
7834,Zimbabwe,ZWE,2009,17951350.0,AFR
7835,Zimbabwe,ZWE,2010,17905280.0,AFR
7836,Zimbabwe,ZWE,2011,17859210.0,AFR
7837,Zimbabwe,ZWE,2012,17813140.0,AFR
7838,Zimbabwe,ZWE,2013,17767070.0,AFR
7839,Zimbabwe,ZWE,2014,17721000.0,AFR
7840,Zimbabwe,ZWE,2015,17674930.0,AFR
7841,Zimbabwe,ZWE,2016,17628860.0,AFR
7842,Zimbabwe,ZWE,2017,17582790.0,AFR
7843,Zimbabwe,ZWE,2018,17536720.0,AFR
7844,Zimbabwe,ZWE,2019,17490650.0,AFR
7845,Zimbabwe,ZWE,2020,17444580.0,AFR
